property_id,property_type,market,acquisition_date,hold_years,acquisition_price,going_in_cap_rate,going_in_noi,current_revenue,current_noi,noi_margin,occupancy_pct,same_property_noi_growth_pct,current_cap_rate,implied_current_value,leverage_pct,debt_balance,interest_rate_pct,interest_coverage,annual_capex,equity_invested,cash_on_cash_pct,irr_pct,equity_multiple,recommendation,cluster,segment,next_year_noi_growth_pct_actual,predicted_next_year_noi_growth_pct,value_captured_pctile,forward_growth_pctile,value_creation_score
P0001,Multifamily,Atlanta,2023-08-10,2.4,23160528.0,0.0535,1239926.0,2641477.0,1450387.0,0.5491,100.0,6.76,0.0498,29132853.0,0.6708,15535080.0,6.11,1.53,98415.0,7625449.0,5.28,35.32,1.81,Sell,0,Value-Add Opportunity,6.13,6.2,78.0,99.0,88.5
P0002,Mixed-Use,Seattle,2024-05-30,1.6,22127300.0,0.0709,1568740.0,3157882.0,1679865.0,0.532,82.1,4.39,0.0637,26359601.0,0.6561,14518440.0,5.34,2.17,139237.0,7608860.0,10.06,31.13,1.69,Hold,0,Value-Add Opportunity,3.34,3.33,92.0,59.599999999999994,75.8
P0003,Industrial,New York,2021-05-18,4.6,55791674.0,0.068,3793435.0,7980675.0,4339230.0,0.5437,99.0,2.95,0.0638,68011703.0,0.5751,32085585.0,5.77,2.34,363183.0,23706089.0,8.96,15.66,1.91,Hold,3,Core Stabilized,4.08,4.03,82.0,73.6,77.8
P0004,Retail,Chicago,2021-11-03,4.2,27971654.0,0.0741,2072314.0,3303380.0,2256635.0,0.6831,99.4,2.07,0.0778,28989777.0,0.6502,18188137.0,6.65,1.87,21824.0,9783517.0,10.48,11.43,1.46,Hold,1,Mature / Harvest Candidate,4.34,3.52,49.8,63.800000000000004,56.8
P0005,Office,Los Angeles,2020-01-01,6.0,44820973.0,0.067,3000977.0,4775092.0,2828798.0,0.5924,73.3,-0.98,0.0876,32298781.0,0.676,30300262.0,6.18,1.51,213558.0,14520710.0,5.1,-18.79,0.4,Reposition,2,Distressed / Turnaround,-1.43,-1.17,0.8,8.0,4.4
P0006,Office,Austin,2020-01-18,6.0,94314464.0,0.0703,6632432.0,5902055.0,4414205.0,0.7479,74.6,-6.6,0.0873,50549326.0,0.6728,63454808.0,6.57,1.06,184176.0,30859656.0,0.2,,-0.44,Reposition,2,Distressed / Turnaround,-4.52,-3.81,2.8000000000000003,0.8,1.8
P0007,Office,Miami,2018-03-07,7.8,46774896.0,0.0743,3473087.0,4963398.0,2937278.0,0.5918,71.9,-2.12,0.0883,33272211.0,0.7032,32893226.0,7.68,1.16,174402.0,13881669.0,1.7,-37.29,0.12,Reposition,2,Distressed / Turnaround,0.48,-1.41,6.4,6.0,6.2
P0008,Hospitality,Phoenix,2021-09-14,4.3,35755035.0,0.0822,2937510.0,4627420.0,2911700.0,0.6292,62.9,-0.2,0.0906,32121126.0,0.6696,23940901.0,4.85,2.51,341840.0,11814133.0,11.93,3.32,1.12,Reposition,2,Distressed / Turnaround,1.45,1.08,23.799999999999997,25.2,24.5
P0009,Industrial,Miami,2018-12-10,7.1,51398854.0,0.0611,3140776.0,4832247.0,3368586.0,0.6971,90.5,1.0,0.0563,59842798.0,0.6446,33131772.0,7.39,1.38,96016.0,18267082.0,4.5,8.84,1.71,Hold,1,Mature / Harvest Candidate,1.44,0.54,83.8,21.0,52.4
P0010,Industrial,Chicago,2024-10-03,1.2,31422018.0,0.0536,1685651.0,2422073.0,1744631.0,0.7203,86.4,2.8,0.061,28622333.0,0.6949,21835491.0,6.18,1.29,148386.0,9586527.0,2.57,-32.61,0.67,Sell,1,Mature / Harvest Candidate,3.85,2.58,28.199999999999996,45.0,36.6
P0011,Office,Denver,2023-01-19,3.0,26790287.0,0.0791,2119664.0,3198345.0,2312644.0,0.7231,76.2,2.99,0.0919,25164566.0,0.6181,16560242.0,5.38,2.6,126081.0,10230045.0,12.66,6.13,1.17,Hold,1,Mature / Harvest Candidate,0.43,1.59,9.6,33.0,21.3
P0012,Mixed-Use,Denver,2019-11-08,6.2,34550320.0,0.0605,2089178.0,3862985.0,2628446.0,0.6804,80.6,3.8,0.07,37546875.0,0.5583,19288365.0,5.04,2.71,152220.0,15261955.0,9.86,11.69,1.74,Hold,3,Core Stabilized,2.56,2.19,20.8,40.400000000000006,30.6
P0013,Industrial,Los Angeles,2024-11-24,1.1,15490775.0,0.0543,841628.0,1282626.0,860903.0,0.6712,96.6,2.07,0.0608,14169298.0,0.6086,9427458.0,5.95,1.54,77993.0,6063317.0,3.66,-22.81,0.77,Sell,1,Mature / Harvest Candidate,3.03,3.09,33.800000000000004,53.6,43.7
P0014,Multifamily,Phoenix,2024-07-13,1.5,16027981.0,0.0436,698179.0,1145536.0,744170.0,0.6496,82.1,4.43,0.058,12829596.0,0.5679,9101599.0,6.84,1.2,59340.0,6926383.0,0.9,-48.98,0.51,Sell,1,Mature / Harvest Candidate,1.48,3.14,4.8,54.800000000000004,29.8
P0015,Multifamily,Seattle,2023-03-21,2.8,50847181.0,0.0465,2362391.0,4272738.0,2815384.0,0.6589,95.3,6.5,0.0432,65190436.0,0.5727,29122088.0,6.0,1.61,241035.0,21725092.0,3.81,20.26,1.71,Hold,1,Mature / Harvest Candidate,2.88,4.38,76.0,79.4,77.7
P0016,Multifamily,Los Angeles,2022-12-10,3.1,83133207.0,0.0439,3648708.0,7216704.0,4275469.0,0.5924,98.8,5.31,0.0567,75389810.0,0.6099,50701587.0,7.31,1.15,464494.0,32431620.0,0.32,-10.23,0.72,Sell,0,Value-Add Opportunity,3.85,5.64,9.2,94.19999999999999,51.7
P0017,Multifamily,Miami,2021-08-07,4.4,15902115.0,0.0461,733799.0,1452621.0,841199.0,0.5791,79.0,3.15,0.0514,16370925.0,0.5645,8977231.0,4.94,1.9,55743.0,6924884.0,4.94,5.41,1.22,Hold,3,Core Stabilized,2.04,2.25,40.0,40.8,40.4
P0018,Retail,Los Angeles,2022-01-16,4.0,23851721.0,0.0743,1772704.0,2903581.0,1799730.0,0.6198,90.6,0.38,0.0637,28263217.0,0.5984,14273888.0,6.09,2.07,95108.0,9577833.0,8.72,16.58,1.75,Hold,1,Mature / Harvest Candidate,1.72,1.83,97.6,34.8,66.2
P0019,Multifamily,Miami,2020-05-24,5.6,23113448.0,0.0463,1070236.0,2270230.0,1388224.0,0.6115,100.0,4.75,0.056,24769901.0,0.4874,11266580.0,5.1,2.42,52890.0,11846868.0,6.42,7.77,1.48,Hold,3,Core Stabilized,3.06,5.14,19.8,90.0,54.9
P0020,Multifamily,New York,2018-02-04,7.9,25082571.0,0.0678,1700455.0,3877750.0,2316330.0,0.5973,84.5,3.98,0.0595,38933423.0,0.6349,15925691.0,6.39,2.28,110484.0,9156880.0,12.97,21.24,3.47,Sell,3,Core Stabilized,1.93,2.87,93.8,48.0,70.9
P0021,Industrial,Denver,2023-10-04,2.2,17847383.0,0.061,1087975.0,1883363.0,1233263.0,0.6548,100.0,5.74,0.0595,20744467.0,0.6201,11066883.0,6.81,1.64,195836.0,6780499.0,4.19,20.77,1.45,Hold,1,Mature / Harvest Candidate,6.76,5.67,72.39999999999999,94.8,83.6
P0022,Office,New York,2022-09-26,3.3,29214557.0,0.0791,2311135.0,3470956.0,2317784.0,0.6678,78.9,0.09,0.0918,25245026.0,0.5628,16442063.0,5.76,2.45,242598.0,12772493.0,8.83,-3.24,0.91,Sell,3,Core Stabilized,-0.83,-0.9,10.0,12.2,11.1
P0023,Multifamily,Austin,2022-07-22,3.4,32785840.0,0.0468,1536012.0,2970849.0,1855058.0,0.6244,88.1,5.62,0.0604,30687935.0,0.6661,21840195.0,4.02,2.11,53411.0,10945645.0,8.45,0.2,1.01,Hold,0,Value-Add Opportunity,4.91,4.83,7.199999999999999,86.2,46.7
P0024,Multifamily,Phoenix,2021-03-19,4.8,21120853.0,0.0562,1187031.0,1851317.0,1284585.0,0.6939,92.6,1.66,0.0593,21677234.0,0.6856,14481089.0,6.26,1.42,34343.0,6639764.0,5.18,5.51,1.28,Hold,1,Mature / Harvest Candidate,0.64,2.47,53.0,43.0,48.0
P0025,Multifamily,Seattle,2019-08-23,6.4,36633544.0,0.0485,1778418.0,4658962.0,2622602.0,0.5629,96.9,6.29,0.0606,43305948.0,0.5075,18590454.0,6.45,2.19,254553.0,18043090.0,6.48,10.59,1.71,Hold,3,Core Stabilized,4.42,4.81,12.0,85.6,48.8
P0026,Industrial,Miami,2018-05-04,7.7,23404651.0,0.0587,1374603.0,3041234.0,1856117.0,0.6103,95.5,3.99,0.063,29476903.0,0.5666,13261292.0,6.42,2.18,170143.0,10143359.0,8.22,12.53,2.2,Hold,3,Core Stabilized,3.9,3.92,46.400000000000006,72.6,59.5
P0027,Multifamily,Seattle,2019-07-16,6.5,28396386.0,0.0674,1912795.0,5447893.0,3182435.0,0.5842,96.8,8.19,0.0543,58606514.0,0.5662,16076899.0,7.09,2.79,304960.0,12319487.0,14.11,31.78,4.2,Sell,3,Core Stabilized,4.61,4.95,99.2,88.0,93.6
P0028,Retail,Miami,2018-06-12,7.6,11433983.0,0.0674,770921.0,1494699.0,787218.0,0.5267,81.6,0.28,0.0646,12187515.0,0.5542,6336791.0,5.24,2.37,59640.0,5097192.0,7.76,8.67,1.72,Hold,3,Core Stabilized,1.75,1.32,74.4,28.799999999999997,51.6
P0029,Retail,Chicago,2024-06-26,1.5,13490505.0,0.0749,1010380.0,1801019.0,1109187.0,0.6159,89.2,6.34,0.07,15841957.0,0.6781,9147415.0,6.64,1.83,76527.0,4343089.0,9.78,30.14,1.66,Hold,0,Value-Add Opportunity,3.72,4.66,84.39999999999999,82.19999999999999,83.3
P0030,Office,Los Angeles,2023-08-16,2.4,65651346.0,0.0738,4843818.0,7702556.0,4728697.0,0.6139,66.1,-1.01,0.0846,55876917.0,0.6064,39813088.0,7.05,1.68,397125.0,25838258.0,5.89,-17.16,0.7,Reposition,2,Distressed / Turnaround,-1.53,-1.39,15.6,6.800000000000001,11.2
P0031,Industrial,Austin,2021-09-05,4.3,30830746.0,0.0578,1781711.0,2775031.0,1930512.0,0.6957,94.2,1.87,0.0687,28107258.0,0.6015,18544199.0,4.68,2.23,129643.0,12286547.0,7.6,1.01,1.04,Hold,1,Mature / Harvest Candidate,1.74,3.4,14.6,62.4,38.5
P0032,Multifamily,Denver,2020-10-23,5.2,19628023.0,0.0626,1229201.0,2068770.0,1347887.0,0.6515,86.7,1.79,0.0533,25290377.0,0.4797,9416144.0,6.36,2.25,10344.0,10211879.0,7.24,14.76,1.87,Hold,3,Core Stabilized,5.3,3.52,96.0,63.800000000000004,79.9
P0033,Office,Miami,2022-10-01,3.3,47291409.0,0.0742,3510829.0,5722075.0,3254663.0,0.5688,70.9,-2.3,0.0885,36778834.0,0.6645,31424160.0,5.7,1.82,231195.0,15867248.0,7.77,-21.86,0.52,Reposition,2,Distressed / Turnaround,-1.85,-1.51,6.0,5.6000000000000005,5.8
P0034,Mixed-Use,Seattle,2022-06-18,3.5,55328034.0,0.0759,4197997.0,6599224.0,4703297.0,0.7127,94.7,3.26,0.0702,66992865.0,0.5333,29503780.0,6.03,2.64,184593.0,25824254.0,10.6,18.24,1.82,Sell,1,Mature / Harvest Candidate,1.43,3.82,87.2,70.19999999999999,78.7
P0035,Mixed-Use,Austin,2022-06-13,3.6,16492134.0,0.0692,1142023.0,1895531.0,1290954.0,0.6811,93.6,3.51,0.0682,18936054.0,0.6242,10294312.0,6.38,1.97,91941.0,6197822.0,8.75,15.39,1.68,Hold,1,Mature / Harvest Candidate,4.2,3.82,69.6,70.19999999999999,69.9
P0036,Industrial,Dallas,2021-11-18,4.1,31492012.0,0.0546,1720257.0,2883324.0,1871580.0,0.6491,99.3,2.07,0.0668,28025968.0,0.6394,20136508.0,5.71,1.63,301899.0,11355504.0,3.7,-6.01,0.79,Sell,1,Mature / Harvest Candidate,0.98,3.02,11.600000000000001,52.400000000000006,32.0
P0037,Multifamily,Dallas,2024-08-21,1.4,22975399.0,0.0558,1281900.0,2190950.0,1333578.0,0.6087,85.4,2.94,0.0515,25889999.0,0.7152,16433064.0,5.56,1.46,114695.0,6542334.0,4.67,41.3,1.41,Hold,0,Value-Add Opportunity,3.63,2.98,82.39999999999999,51.0,66.7
P0038,Office,New York,2019-03-29,6.8,59857206.0,0.0838,5018148.0,11332132.0,6482297.0,0.572,73.8,3.86,0.0888,73016578.0,0.5284,31627504.0,6.13,3.34,438887.0,28229701.0,14.54,17.96,2.43,Sell,3,Core Stabilized,-1.19,1.22,41.199999999999996,26.8,34.0
P0039,Industrial,Denver,2023-02-17,2.9,16385950.0,0.0617,1011519.0,2088246.0,1255850.0,0.6014,100.0,7.82,0.057,22020817.0,0.4086,6695859.0,5.23,3.59,132470.0,9690091.0,7.98,22.38,1.78,Hold,3,Core Stabilized,3.99,5.72,82.8,95.6,89.2
P0040,Multifamily,Chicago,2018-12-04,7.1,12978509.0,0.0426,552607.0,1088411.0,734065.0,0.6744,94.0,4.09,0.0487,15067045.0,0.6329,8213702.0,5.23,1.71,59486.0,4764807.0,5.14,9.19,1.73,Hold,1,Mature / Harvest Candidate,4.25,4.28,35.8,78.0,56.9
P0041,Office,Seattle,2019-12-07,6.1,19943261.0,0.0736,1468565.0,1886821.0,1347623.0,0.7142,92.2,-1.4,0.0856,15751918.0,0.746,14878386.0,6.64,1.36,100760.0,5064875.0,5.1,-17.8,0.42,Sell,1,Mature / Harvest Candidate,-0.3,-0.78,12.8,13.600000000000001,13.2
P0042,Retail,Los Angeles,2022-10-10,3.2,18438009.0,0.0665,1226402.0,1893214.0,1319877.0,0.6972,90.8,2.3,0.0709,18628693.0,0.7067,13030625.0,5.18,1.96,108173.0,5407384.0,9.92,8.9,1.26,Hold,1,Mature / Harvest Candidate,2.58,2.92,45.800000000000004,49.6,47.7
P0043,Office,Los Angeles,2021-10-17,4.2,51240167.0,0.0776,3973849.0,6681987.0,3979507.0,0.5956,77.3,0.03,0.0863,46121681.0,0.6347,32520913.0,6.63,1.84,575525.0,18719255.0,6.66,-1.6,0.94,Reposition,2,Distressed / Turnaround,-0.71,-0.66,22.8,14.000000000000002,18.4
P0044,Hospitality,Seattle,2024-10-14,1.2,34993939.0,0.0857,2999822.0,5250346.0,2961296.0,0.564,67.8,-1.06,0.0832,35579530.0,0.5856,20491942.0,6.47,2.23,117514.0,14501997.0,10.47,9.6,1.1,Reposition,2,Distressed / Turnaround,-0.52,-0.06,73.6,16.400000000000002,45.0
P0045,Multifamily,Phoenix,2024-06-13,1.6,44037086.0,0.0531,2336881.0,3864135.0,2422984.0,0.627,93.9,2.36,0.0484,50087804.0,0.6765,29791026.0,4.72,1.72,210490.0,14246060.0,5.66,21.65,1.47,Hold,0,Value-Add Opportunity,0.95,2.6,83.2,45.6,64.4
P0046,Industrial,Chicago,2021-07-29,4.4,10457232.0,0.05,522735.0,954449.0,507364.0,0.5316,93.9,-0.67,0.0597,8503176.0,0.5519,5770842.0,5.56,1.58,25267.0,4686390.0,3.44,-9.67,0.68,Sell,0,Value-Add Opportunity,0.17,1.06,19.8,24.6,22.2
P0047,Multifamily,Austin,2020-05-08,5.7,30959999.0,0.0543,1680545.0,3297305.0,2097609.0,0.6362,98.0,4.0,0.048,43717375.0,0.6533,20227562.0,7.06,1.47,185013.0,10732437.0,4.52,16.65,2.38,Sell,0,Value-Add Opportunity,3.28,3.83,90.8,70.8,80.8
P0048,Retail,Miami,2021-07-31,4.4,9824347.0,0.0717,704047.0,1344950.0,823943.0,0.6126,94.7,3.62,0.074,11128314.0,0.6554,6438709.0,5.32,2.41,35811.0,3385638.0,13.17,19.19,1.85,Sell,0,Value-Add Opportunity,4.54,4.17,55.2,76.8,66.0
P0049,Retail,Phoenix,2020-05-25,5.6,12993558.0,0.0714,927204.0,1624185.0,969148.0,0.5967,82.5,0.79,0.0713,13586871.0,0.6942,9020319.0,5.73,1.88,59531.0,3973239.0,9.89,10.91,1.67,Hold,2,Distressed / Turnaround,1.99,1.4,66.2,29.2,47.7
P0050,Multifamily,Miami,2020-09-29,5.3,32767437.0,0.0585,1916393.0,5047260.0,2726857.0,0.5403,83.7,6.93,0.0482,56609281.0,0.8,26213949.0,6.47,1.61,197339.0,6553487.0,12.72,42.77,5.1,Sell,0,Value-Add Opportunity,3.06,4.04,96.8,74.6,85.7
P0051,Mixed-Use,Miami,2019-04-09,6.7,24714237.0,0.07,1730084.0,2527252.0,1631796.0,0.6457,73.1,-0.86,0.0668,24441563.0,0.6475,16001705.0,6.73,1.52,163049.0,8712532.0,4.5,3.38,1.23,Reposition,2,Distressed / Turnaround,1.1,1.01,75.6,23.599999999999998,49.6
P0052,Industrial,Phoenix,2021-07-25,4.4,19801864.0,0.0608,1203064.0,2013076.0,1194489.0,0.5934,98.6,-0.16,0.057,20959116.0,0.5844,11571665.0,5.9,1.75,127567.0,8230198.0,4.67,6.7,1.28,Hold,0,Value-Add Opportunity,0.92,1.59,78.60000000000001,33.0,55.8
P0053,Mixed-Use,New York,2020-10-05,5.2,62848845.0,0.0646,4058716.0,8338047.0,4681848.0,0.5615,78.3,2.76,0.0693,67581858.0,0.6182,38853772.0,5.62,2.14,167475.0,23995073.0,9.71,11.93,1.63,Hold,3,Core Stabilized,1.69,1.85,43.2,35.199999999999996,39.2
P0054,Hospitality,Dallas,2021-10-23,4.2,41218503.0,0.072,2969143.0,7382090.0,3516731.0,0.4764,54.9,4.12,0.0914,38492352.0,0.4962,20451165.0,7.24,2.38,340305.0,20767337.0,8.17,4.22,1.16,Hold,3,Core Stabilized,3.6,3.18,1.6,55.400000000000006,28.5
P0055,Retail,Miami,2021-03-07,4.8,27336364.0,0.0706,1929338.0,4170777.0,2580144.0,0.6186,90.7,6.21,0.0635,40632623.0,0.5714,15619180.0,7.49,2.21,128495.0,11717183.0,10.94,24.14,2.61,Sell,3,Core Stabilized,5.93,4.99,91.60000000000001,89.0,90.3
P0056,Mixed-Use,Phoenix,2023-09-19,2.3,21600851.0,0.0662,1430973.0,2068367.0,1465671.0,0.7086,100.0,1.05,0.0685,21409121.0,0.5914,12773668.0,6.88,1.67,41016.0,8827183.0,6.18,2.71,1.05,Hold,1,Mature / Harvest Candidate,3.0,0.68,54.800000000000004,22.400000000000002,38.6
P0057,Office,Phoenix,2022-03-03,3.8,58648651.0,0.0796,4670161.0,6952705.0,4888190.0,0.7031,76.0,1.2,0.0874,55954892.0,0.5833,34210568.0,6.17,2.32,282695.0,24438083.0,10.21,6.68,1.25,Hold,1,Mature / Harvest Candidate,-1.08,-0.44,25.2,14.799999999999999,20.0
P0058,Multifamily,Atlanta,2021-04-19,4.7,65793445.0,0.0443,2917249.0,5589912.0,3337989.0,0.5971,98.9,2.9,0.0567,58886259.0,0.6307,41493613.0,5.45,1.48,217058.0,24299832.0,3.53,-3.62,0.84,Sell,0,Value-Add Opportunity,2.88,3.53,10.8,64.8,37.8
P0059,Office,New York,2022-05-10,3.6,13076807.0,0.0715,935170.0,1476412.0,870920.0,0.5899,76.6,-1.93,0.0889,9801830.0,0.5624,7354797.0,5.44,2.18,138095.0,5722011.0,5.82,-12.5,0.63,Reposition,2,Distressed / Turnaround,-1.16,-1.13,2.4,8.799999999999999,5.6
P0060,Multifamily,Denver,2024-01-10,2.0,21483566.0,0.0583,1252898.0,2152942.0,1385286.0,0.6434,92.3,5.21,0.051,27166669.0,0.6985,15005673.0,6.52,1.42,115525.0,6477894.0,4.5,37.86,1.88,Sell,0,Value-Add Opportunity,5.95,5.24,92.80000000000001,90.8,91.8
P0061,Multifamily,Atlanta,2023-03-06,2.8,42703119.0,0.0518,2210427.0,4406820.0,2512243.0,0.5701,99.4,4.63,0.0527,47649146.0,0.62,26476553.0,6.43,1.47,76889.0,16226566.0,4.51,11.81,1.38,Hold,0,Value-Add Opportunity,3.6,5.47,60.6,92.4,76.5
P0062,Multifamily,Atlanta,2023-12-26,2.0,28910742.0,0.0561,1621575.0,2505020.0,1590912.0,0.6351,91.0,-0.94,0.0508,31307377.0,0.6193,17905838.0,7.22,1.23,84431.0,11004903.0,1.94,9.61,1.2,Hold,0,Value-Add Opportunity,0.94,1.15,85.8,25.6,55.7
P0063,Industrial,Seattle,2022-03-07,3.8,28893792.0,0.0582,1680749.0,3329869.0,2192066.0,0.6583,96.9,7.19,0.0643,34089093.0,0.597,17250963.0,6.62,1.92,217866.0,11642830.0,7.15,14.92,1.67,Hold,1,Mature / Harvest Candidate,3.96,4.6,36.4,81.0,58.7
P0064,Multifamily,Dallas,2021-11-13,4.1,23658993.0,0.0522,1234492.0,2346525.0,1598797.0,0.6813,95.3,6.45,0.0541,29560682.0,0.6309,14925592.0,4.9,2.19,203605.0,8733402.0,7.61,19.08,1.91,Sell,1,Mature / Harvest Candidate,3.59,4.66,56.00000000000001,82.19999999999999,69.1
P0065,Multifamily,Phoenix,2021-04-01,4.8,33415865.0,0.0576,1925746.0,3351059.0,2060875.0,0.615,88.3,1.44,0.0616,33453181.0,0.6778,22647833.0,6.94,1.31,44503.0,10768033.0,4.13,3.02,1.15,Hold,0,Value-Add Opportunity,3.65,2.99,47.599999999999994,51.800000000000004,49.7
P0066,Retail,Dallas,2024-10-04,1.2,16652047.0,0.0649,1080780.0,1838445.0,1121114.0,0.6098,94.9,2.99,0.0708,15844483.0,0.5593,9313505.0,5.3,2.27,13607.0,7338542.0,8.36,-6.96,0.93,Sell,3,Core Stabilized,4.61,3.92,37.4,72.6,55.0
P0067,Office,Chicago,2023-07-12,2.5,80685067.0,0.0786,6339968.0,10932895.0,6298450.0,0.5761,74.8,-0.26,0.0852,73954664.0,0.5739,46307730.0,5.79,2.35,901082.0,34377338.0,7.9,-4.31,0.92,Reposition,2,Distressed / Turnaround,-0.81,-1.16,32.800000000000004,8.4,20.6
P0068,Industrial,Seattle,2022-08-17,3.4,27255743.0,0.0552,1505235.0,2984435.0,1726961.0,0.5787,89.7,4.15,0.0539,32013283.0,0.5987,16319081.0,6.3,1.68,157555.0,10936662.0,4.95,15.72,1.52,Hold,0,Value-Add Opportunity,5.24,3.96,71.0,73.2,72.1
P0069,Office,Denver,2024-11-22,1.1,53274821.0,0.0754,4016550.0,6388602.0,3888589.0,0.6087,79.8,-2.88,0.0808,48133581.0,0.5258,28011317.0,7.7,1.8,176544.0,25263504.0,6.16,-18.0,0.82,Sell,2,Distressed / Turnaround,-1.64,-2.23,39.0,4.3999999999999995,21.7
P0070,Mixed-Use,Dallas,2022-12-24,3.0,30927559.0,0.0631,1952920.0,3107695.0,1983854.0,0.6384,79.7,0.52,0.0617,32172278.0,0.5627,17401452.0,8.59,1.33,173076.0,13526108.0,2.34,3.77,1.11,Hold,2,Distressed / Turnaround,0.5,1.2,72.0,26.400000000000002,49.2
P0071,Industrial,Los Angeles,2019-09-04,6.3,18807406.0,0.0593,1115896.0,2076136.0,1382041.0,0.6657,95.2,3.44,0.0611,22630992.0,0.5867,11033638.0,6.59,1.9,10381.0,7773768.0,8.3,13.45,1.93,Hold,1,Mature / Harvest Candidate,3.95,3.24,56.39999999999999,58.4,57.4
P0072,Multifamily,Miami,2018-01-09,8.0,25776335.0,0.0491,1266327.0,3459689.0,2006070.0,0.5798,92.9,5.93,0.056,35800365.0,0.6812,17559026.0,5.95,1.92,155920.0,8217309.0,9.79,17.36,2.92,Sell,0,Value-Add Opportunity,7.14,5.7,29.599999999999998,95.19999999999999,62.4
P0073,Office,Chicago,2021-08-26,4.4,54810872.0,0.0855,4688223.0,6707863.0,4659513.0,0.6946,83.6,-0.14,0.0817,57049270.0,0.6384,34990125.0,6.53,2.04,345833.0,19820746.0,10.24,11.41,1.46,Hold,1,Mature / Harvest Candidate,-0.69,-0.59,79.2,14.399999999999999,46.8
P0074,Industrial,New York,2022-06-18,3.5,19444448.0,0.0526,1023407.0,1846499.0,1119798.0,0.6064,98.3,2.57,0.0636,17612380.0,0.6336,12319055.0,6.81,1.33,117226.0,7125393.0,2.3,-6.11,0.79,Sell,0,Value-Add Opportunity,5.15,3.73,14.000000000000002,67.60000000000001,40.8
P0075,Industrial,Denver,2019-06-06,6.6,27741827.0,0.0569,1577921.0,3609795.0,2234217.0,0.6189,94.8,5.43,0.0581,38476028.0,0.6796,18852315.0,5.84,2.03,89242.0,8889512.0,11.74,20.33,2.94,Sell,0,Value-Add Opportunity,0.87,4.08,59.0,76.0,67.5
P0076,Industrial,Chicago,2018-02-19,7.9,67745242.0,0.0554,3750486.0,4815007.0,2805413.0,0.5826,100.0,-3.62,0.0606,46303741.0,0.6104,41350610.0,7.54,0.9,224927.0,26394632.0,-2.03,-26.74,-0.01,Sell,0,Value-Add Opportunity,0.71,0.31,40.8,18.8,29.8
P0077,Industrial,Miami,2022-06-22,3.5,37099971.0,0.0667,2473895.0,6168861.0,3076954.0,0.4988,100.0,6.37,0.0664,46305575.0,0.6473,24016018.0,6.28,2.04,163422.0,13083952.0,10.73,22.16,2.06,Sell,0,Value-Add Opportunity,5.18,5.74,67.0,96.39999999999999,81.7
P0078,Office,Seattle,2020-09-03,5.3,38231154.0,0.0792,3027117.0,3304984.0,2195178.0,0.6642,79.9,-5.85,0.0916,23968131.0,0.6128,23427075.0,6.5,1.44,165605.0,14804078.0,3.43,-38.97,0.18,Sell,2,Distressed / Turnaround,-4.2,-3.88,11.200000000000001,0.4,5.8
P0079,Multifamily,Miami,2023-12-09,2.1,58343203.0,0.0582,3395053.0,5394819.0,3543545.0,0.6568,93.1,2.09,0.0529,66952972.0,0.6386,37256532.0,6.63,1.43,146162.0,21086671.0,4.39,20.06,1.43,Hold,1,Mature / Harvest Candidate,3.0,3.07,85.8,53.2,69.5
P0080,Office,Atlanta,2020-07-29,5.4,36694424.0,0.0691,2535094.0,3295631.0,1996934.0,0.6059,66.8,-4.3,0.0844,23650481.0,0.5792,21253663.0,6.44,1.46,121404.0,15440761.0,3.29,-25.92,0.29,Reposition,2,Distressed / Turnaround,-5.71,-3.64,4.0,3.2,3.6
P0081,Hospitality,Miami,2024-04-21,1.7,19851328.0,0.0836,1659617.0,2584353.0,1610955.0,0.6233,62.5,-1.74,0.0774,20815329.0,0.4493,8918860.0,6.77,2.67,64825.0,10932468.0,8.62,10.99,1.22,Reposition,3,Core Stabilized,-0.78,-0.03,89.60000000000001,16.8,53.2
P0082,Industrial,Atlanta,2023-01-24,2.9,14498000.0,0.0633,918271.0,1706478.0,1102038.0,0.6458,92.9,6.4,0.0571,19292247.0,0.6106,8852485.0,5.61,2.22,99015.0,5645514.0,8.98,28.77,2.05,Sell,1,Mature / Harvest Candidate,5.57,4.99,89.60000000000001,89.0,89.3
P0083,Multifamily,Seattle,2019-12-21,6.0,12557774.0,0.0525,659204.0,1357303.0,735485.0,0.5419,88.7,1.83,0.0532,13836494.0,0.7196,9036479.0,5.65,1.44,84382.0,3521296.0,3.98,7.87,1.52,Hold,0,Value-Add Opportunity,4.8,3.53,61.199999999999996,64.8,63.0
P0084,Office,Austin,2019-09-06,6.3,37746990.0,0.0844,3185577.0,5155446.0,3060001.0,0.5935,74.7,-0.63,0.0841,36406362.0,0.6848,25850463.0,5.22,2.27,207804.0,11896527.0,12.63,10.4,1.58,Reposition,2,Distressed / Turnaround,-1.64,-1.19,67.60000000000001,7.6,37.6
P0085,Multifamily,Atlanta,2018-03-02,7.8,32296055.0,0.0489,1579157.0,2991214.0,1973344.0,0.6597,93.4,2.88,0.0535,36902192.0,0.6876,22206051.0,6.45,1.38,136892.0,10090004.0,4.0,7.65,1.7,Hold,0,Value-Add Opportunity,2.17,2.95,43.8,50.0,46.9
P0086,Multifamily,New York,2024-12-23,1.0,73991821.0,0.0605,4473256.0,8371874.0,4665524.0,0.5573,96.7,4.19,0.0543,85909533.0,0.7065,52277378.0,6.72,1.33,134186.0,21714443.0,4.68,51.65,1.52,Hold,0,Value-Add Opportunity,3.32,4.3,89.60000000000001,78.60000000000001,84.1
P0087,Industrial,Miami,2022-10-27,3.2,28261982.0,0.0718,2029023.0,3588066.0,2277266.0,0.6347,94.5,3.69,0.0591,38532046.0,0.6262,17697824.0,6.47,1.99,139958.0,10564158.0,9.4,31.61,2.18,Sell,1,Mature / Harvest Candidate,4.86,4.1,98.8,76.4,87.6
P0088,Industrial,Miami,2022-08-09,3.4,21509691.0,0.0558,1200735.0,2196274.0,1212719.0,0.5522,98.4,0.29,0.0574,21127510.0,0.6338,13633102.0,7.44,1.2,96627.0,7876588.0,1.29,-2.19,0.94,Sell,0,Value-Add Opportunity,2.17,1.97,57.199999999999996,37.2,47.2
P0089,Hospitality,New York,2022-03-10,3.8,83265640.0,0.0793,6605212.0,11921109.0,7669106.0,0.6433,70.5,3.99,0.0867,88481561.0,0.5768,48024654.0,6.1,2.62,1161305.0,35240986.0,10.16,12.2,1.5,Hold,3,Core Stabilized,1.93,2.47,27.400000000000002,43.0,35.2
P0090,Retail,Los Angeles,2022-03-23,3.8,5958413.0,0.0767,457131.0,761067.0,470505.0,0.6182,74.2,0.77,0.0728,6465844.0,0.5979,3562385.0,6.63,1.99,17322.0,2396027.0,9.05,12.33,1.52,Reposition,2,Distressed / Turnaround,2.21,1.51,80.0,31.6,55.8
P0091,Office,Phoenix,2020-01-04,6.0,50626227.0,0.0875,4428652.0,5890266.0,3176287.0,0.5392,69.4,-5.39,0.0836,37976417.0,0.6631,33570453.0,5.23,1.81,437550.0,17055774.0,5.77,-11.73,0.56,Reposition,2,Distressed / Turnaround,-3.39,-3.71,80.0,1.6,40.8
P0092,Industrial,Austin,2023-12-25,2.0,35286005.0,0.0549,1935890.0,2996262.0,2032175.0,0.6782,94.0,2.43,0.0656,30957647.0,0.7043,24850942.0,5.79,1.41,194569.0,10435063.0,3.82,-22.96,0.6,Sell,1,Mature / Harvest Candidate,4.24,3.47,16.2,62.8,39.5
P0093,Industrial,Denver,2018-12-31,7.0,11458831.0,0.0555,635723.0,1780258.0,1038372.0,0.5833,86.5,7.25,0.0596,17420693.0,0.6102,6992623.0,6.66,2.23,90104.0,4466208.0,10.81,20.42,3.01,Sell,3,Core Stabilized,4.55,4.6,46.800000000000004,81.0,63.9
P0094,Retail,Atlanta,2024-05-23,1.6,31888606.0,0.0663,2114511.0,3894485.0,2256805.0,0.5795,92.2,4.13,0.0711,31752269.0,0.5885,18766022.0,6.78,1.77,312230.0,13122584.0,5.12,2.22,1.04,Hold,0,Value-Add Opportunity,2.88,3.67,42.6,66.8,54.7
P0095,Industrial,New York,2021-07-19,4.5,28425938.0,0.0499,1419401.0,2529122.0,1593419.0,0.63,100.0,2.63,0.0628,25359646.0,0.62,17625132.0,5.86,1.54,132633.0,10800806.0,3.95,-4.96,0.83,Sell,0,Value-Add Opportunity,2.45,3.22,8.200000000000001,57.199999999999996,32.7
P0096,Retail,Seattle,2018-11-30,7.1,14624933.0,0.0625,913884.0,1460644.0,989487.0,0.6774,96.5,1.13,0.0719,13755697.0,0.6621,9682941.0,6.04,1.69,77097.0,4941992.0,6.62,3.66,1.23,Hold,1,Mature / Harvest Candidate,-0.36,0.52,21.6,20.4,21.0
P0097,Retail,Atlanta,2020-01-26,5.9,24698998.0,0.062,1530724.0,2885877.0,1642667.0,0.5692,86.5,1.2,0.0748,21957102.0,0.5189,12817055.0,4.89,2.62,126798.0,11881943.0,7.49,3.39,1.18,Hold,3,Core Stabilized,2.15,1.97,8.799999999999999,37.2,23.0
P0098,Multifamily,Phoenix,2022-09-02,3.3,99592049.0,0.0474,4719987.0,9849350.0,6136972.0,0.6231,100.0,8.19,0.0551,111280860.0,0.4593,45739375.0,5.81,2.31,684248.0,53852674.0,5.19,10.47,1.33,Hold,3,Core Stabilized,6.59,5.74,26.0,96.39999999999999,61.2
P0099,Office,Seattle,2024-10-31,1.2,49283809.0,0.0778,3833881.0,5938881.0,3809441.0,0.6414,77.0,-0.55,0.0856,44528694.0,0.5815,28656683.0,6.81,1.95,397486.0,20627126.0,7.08,-20.29,0.8,Reposition,2,Distressed / Turnaround,-0.86,-1.0,25.2,10.8,18.0
P0100,Office,Chicago,2021-08-10,4.4,50946333.0,0.0794,4045408.0,6064823.0,3970368.0,0.6547,73.6,-0.42,0.0894,44388433.0,0.5346,27233369.0,6.56,2.22,197025.0,23712964.0,8.38,0.6,1.02,Reposition,2,Distressed / Turnaround,-1.13,-1.08,19.2,10.0,14.6
P0101,Office,Miami,2023-02-13,2.9,35765439.0,0.0873,3122430.0,5121187.0,3220316.0,0.6288,71.7,1.08,0.0834,38601281.0,0.5844,20902402.0,6.5,2.37,95331.0,14863037.0,11.88,15.85,1.5,Hold,2,Distressed / Turnaround,-1.95,-1.12,80.0,9.4,44.7
P0102,Industrial,Chicago,2020-12-09,5.1,15691696.0,0.052,816123.0,1662455.0,1000214.0,0.6016,92.9,4.1,0.0604,16550448.0,0.6097,9566527.0,6.14,1.7,68062.0,6125169.0,5.63,7.12,1.37,Hold,0,Value-Add Opportunity,3.22,3.84,23.799999999999997,71.39999999999999,47.6
P0103,Multifamily,Atlanta,2020-07-13,5.5,48468001.0,0.0579,2806585.0,5508846.0,3187531.0,0.5786,90.3,2.35,0.0539,59174006.0,0.5883,28512398.0,6.11,1.83,159752.0,19955604.0,6.45,13.71,1.8,Hold,0,Value-Add Opportunity,2.53,2.96,80.80000000000001,50.4,65.6
P0104,Retail,Phoenix,2019-02-10,6.9,11732114.0,0.0667,782720.0,1390166.0,867891.0,0.6243,89.2,1.51,0.0702,12368837.0,0.7217,8466747.0,5.57,1.84,60791.0,3265367.0,10.27,11.47,1.84,Hold,0,Value-Add Opportunity,0.78,2.03,50.8,38.2,44.5
P0105,Hospitality,Austin,2023-08-10,2.4,57003707.0,0.0817,4657386.0,8485695.0,4806239.0,0.5664,71.1,1.32,0.0855,56222623.0,0.6429,36646095.0,6.66,1.97,591867.0,20357612.0,8.71,4.13,1.08,Hold,2,Distressed / Turnaround,0.98,1.89,49.2,36.4,42.8
P0106,Multifamily,Atlanta,2023-12-14,2.1,25201592.0,0.056,1412522.0,3160937.0,1498071.0,0.4739,93.0,2.91,0.0465,32235571.0,0.641,16155057.0,6.44,1.44,113332.0,9046535.0,3.81,34.0,1.78,Hold,0,Value-Add Opportunity,3.89,3.76,96.39999999999999,69.19999999999999,82.8
P0107,Multifamily,New York,2023-11-24,2.1,40659228.0,0.0453,1840386.0,3166321.0,2032233.0,0.6418,96.1,4.82,0.0518,39228438.0,0.6636,26979614.0,6.49,1.16,139773.0,13679614.0,1.03,-7.38,0.86,Sell,0,Value-Add Opportunity,7.01,5.64,33.800000000000004,94.19999999999999,64.0
P0108,Industrial,Dallas,2023-08-03,2.4,28357311.0,0.0603,1709789.0,2801630.0,1863635.0,0.6652,100.0,3.63,0.0604,30869509.0,0.5403,15320936.0,5.68,2.14,129324.0,13036375.0,6.63,13.44,1.28,Hold,1,Mature / Harvest Candidate,3.79,3.84,64.8,71.39999999999999,68.1
P0109,Multifamily,Atlanta,2023-09-14,2.3,53758719.0,0.053,2849143.0,6328453.0,3175955.0,0.5019,99.6,4.83,0.0546,58125711.0,0.6927,37240698.0,4.38,1.95,392165.0,16518021.0,6.98,15.97,1.33,Hold,0,Value-Add Opportunity,4.74,5.27,56.8,91.2,74.0
P0110,Office,Miami,2019-07-12,6.5,34870956.0,0.081,2822968.0,4435081.0,2525838.0,0.5695,65.6,-1.7,0.0839,30109185.0,0.6147,21435055.0,6.98,1.69,22175.0,13435902.0,7.5,1.02,1.05,Reposition,2,Distressed / Turnaround,-1.61,-1.4,53.6,6.4,30.0
P0111,Multifamily,Miami,2020-06-08,5.6,27960658.0,0.0537,1502466.0,2750211.0,1790271.0,0.651,75.1,3.2,0.0591,30311298.0,0.6669,18647903.0,5.72,1.68,90388.0,9312754.0,6.81,9.28,1.6,Hold,2,Distressed / Turnaround,0.79,1.49,39.0,30.8,34.9
P0112,Multifamily,Atlanta,2019-10-27,6.2,19616166.0,0.0667,1309022.0,1598561.0,1155559.0,0.7229,99.5,-2.0,0.0505,22866374.0,0.545,10690222.0,5.41,2.0,78690.0,8925944.0,5.59,9.67,1.65,Hold,1,Mature / Harvest Candidate,0.58,0.54,100.0,21.0,60.5
P0113,Mixed-Use,Seattle,2021-01-02,5.0,30430322.0,0.0612,1861531.0,3733719.0,2318788.0,0.621,76.4,4.49,0.0719,32260123.0,0.5112,15557103.0,6.65,2.24,257632.0,14873219.0,6.9,8.25,1.42,Hold,3,Core Stabilized,3.67,3.2,16.2,56.2,36.2
P0114,Industrial,Dallas,2023-01-19,3.0,28982844.0,0.0548,1588666.0,3088395.0,1802387.0,0.5836,93.4,4.37,0.0617,29207954.0,0.6773,19628697.0,5.79,1.59,108594.0,9354147.0,5.97,4.74,1.14,Hold,0,Value-Add Opportunity,7.4,5.22,30.2,90.4,60.3
P0115,Industrial,New York,2024-10-11,1.2,35042028.0,0.0543,1901421.0,3342767.0,2041946.0,0.6109,86.8,6.0,0.0574,35564629.0,0.6463,22649368.0,6.95,1.3,24967.0,12392660.0,3.58,2.05,1.02,Hold,0,Value-Add Opportunity,4.58,4.9,53.0,87.2,70.1
P0116,Hospitality,Atlanta,2021-10-21,4.2,34683030.0,0.0787,2728415.0,3090406.0,2128498.0,0.6887,57.4,-5.74,0.0931,22862187.0,0.5569,19313467.0,6.59,1.67,177371.0,15369563.0,4.41,-24.65,0.38,Reposition,2,Distressed / Turnaround,-2.25,-1.7,5.2,5.2,5.2
P0117,Industrial,Seattle,2018-02-23,7.9,37071808.0,0.0542,2008390.0,6593601.0,3875071.0,0.5877,98.8,8.72,0.0552,70168214.0,0.5591,20727722.0,6.65,2.81,212926.0,16344086.0,13.98,24.09,4.06,Sell,3,Core Stabilized,6.3,5.77,59.8,97.2,78.5
P0118,Multifamily,Miami,2019-10-19,6.2,63026472.0,0.0591,3727014.0,7558725.0,4384366.0,0.58,98.3,2.65,0.0577,76016353.0,0.6988,44041666.0,5.01,1.99,160295.0,18984807.0,10.63,17.17,2.24,Sell,0,Value-Add Opportunity,1.54,3.35,71.6,60.8,66.2
P0119,Hospitality,Miami,2019-05-25,6.6,67629930.0,0.0905,6122066.0,13546128.0,8071634.0,0.5959,66.0,4.27,0.09,89682500.0,0.5367,36299768.0,7.07,3.15,440426.0,31330162.0,16.17,21.02,2.78,Sell,3,Core Stabilized,4.43,2.89,68.4,48.8,58.6
P0120,Retail,Phoenix,2024-11-12,1.1,46005901.0,0.0646,2970855.0,5155393.0,2950604.0,0.5723,69.9,-0.6,0.0683,43189572.0,0.735,33813744.0,6.31,1.38,212967.0,12192157.0,4.96,-25.23,0.75,Reposition,2,Distressed / Turnaround,1.79,0.43,49.8,20.0,34.9
P0121,Industrial,Atlanta,2023-02-17,2.9,16299904.0,0.053,863991.0,1588982.0,994915.0,0.6261,91.2,5.03,0.0656,15173359.0,0.557,9078338.0,5.8,1.89,52286.0,7221566.0,5.76,-0.9,0.97,Sell,1,Mature / Harvest Candidate,5.42,4.67,10.4,83.0,46.7
P0122,Hospitality,Dallas,2023-01-16,3.0,29518165.0,0.0848,2503981.0,3452272.0,2420851.0,0.7012,72.7,-1.13,0.085,28480657.0,0.6647,19620353.0,6.21,1.99,17261.0,9897812.0,11.96,6.91,1.2,Reposition,2,Distressed / Turnaround,-1.41,-0.4,64.0,15.2,39.6
P0123,Multifamily,Los Angeles,2020-12-24,5.0,13149395.0,0.0487,640200.0,1081347.0,687903.0,0.6362,82.6,1.44,0.0552,12472238.0,0.597,7850146.0,4.68,1.87,68061.0,5299250.0,4.77,1.36,1.06,Hold,1,Mature / Harvest Candidate,4.48,2.9,33.800000000000004,49.2,41.5
P0124,Office,Dallas,2023-10-11,2.2,95076768.0,0.0818,7777051.0,13760051.0,8357612.0,0.6074,77.3,3.29,0.089,93862208.0,0.6622,62962034.0,6.43,2.07,970049.0,32114734.0,10.4,5.72,1.11,Hold,2,Distressed / Turnaround,-0.72,1.29,28.999999999999996,27.800000000000004,28.4
P0125,Multifamily,Miami,2022-08-05,3.4,44385761.0,0.0532,2362101.0,4247805.0,2571661.0,0.6054,92.9,2.52,0.0535,48101909.0,0.5819,25828608.0,5.28,1.89,246502.0,18557153.0,5.19,9.68,1.3,Hold,0,Value-Add Opportunity,3.93,3.58,62.6,66.0,64.3
P0126,Multifamily,Miami,2023-09-02,2.3,31122890.0,0.0429,1335344.0,2673148.0,1448420.0,0.5418,97.1,3.54,0.0572,25302902.0,0.6086,18941531.0,5.02,1.52,59468.0,12181359.0,3.6,-26.3,0.55,Sell,0,Value-Add Opportunity,6.73,4.39,5.6000000000000005,80.0,42.8
P0127,Industrial,Chicago,2020-01-05,6.0,27606138.0,0.0673,1857480.0,3893684.0,2586012.0,0.6642,95.8,5.68,0.0632,40934775.0,0.6229,17194879.0,4.88,3.08,159525.0,10411259.0,15.24,25.72,3.12,Sell,3,Core Stabilized,3.29,4.18,81.2,77.2,79.2
P0128,Hospitality,Miami,2019-04-22,6.7,31330393.0,0.0928,2906686.0,5654442.0,3483748.0,0.6161,63.2,2.74,0.079,44094792.0,0.5498,17226919.0,6.99,2.89,253712.0,14103474.0,14.36,20.74,2.85,Sell,3,Core Stabilized,1.2,1.47,99.6,30.4,65.0
P0129,Office,New York,2019-02-20,6.9,152862447.0,0.0743,11361237.0,17206189.0,10512568.0,0.611,84.4,-1.12,0.0932,112774791.0,0.6719,102701813.0,5.6,1.83,980338.0,50160634.0,7.54,-7.52,0.68,Sell,2,Distressed / Turnaround,-1.04,-0.82,2.0,13.200000000000001,7.6
P0130,Retail,Denver,2020-09-10,5.3,19201384.0,0.0657,1261028.0,1958375.0,1468782.0,0.75,86.9,2.91,0.0644,22824878.0,0.5841,11215049.0,7.33,1.79,114304.0,7986335.0,6.67,12.81,1.73,Hold,1,Mature / Harvest Candidate,1.97,2.67,71.0,46.400000000000006,58.7
P0131,Multifamily,Atlanta,2018-12-23,7.0,33799070.0,0.0537,1815524.0,5243526.0,3329312.0,0.6349,92.8,9.01,0.0581,57273374.0,0.604,20414571.0,5.67,2.88,158965.0,13384499.0,15.04,25.83,3.72,Sell,3,Core Stabilized,4.51,5.33,45.800000000000004,91.60000000000001,68.7
P0132,Multifamily,Dallas,2024-04-27,1.7,45998980.0,0.054,2484255.0,4472386.0,2604764.0,0.5824,86.5,2.86,0.0585,44520693.0,0.5504,25317633.0,4.73,2.17,208592.0,20681346.0,5.79,0.07,1.0,Hold,3,Core Stabilized,3.39,3.23,45.0,57.99999999999999,51.5
P0133,Office,Denver,2023-02-28,2.8,57235086.0,0.082,4690488.0,7614532.0,4558684.0,0.5987,72.9,-1.0,0.0836,54506155.0,0.4406,25219876.0,5.21,3.47,412293.0,32015210.0,8.85,5.07,1.15,Reposition,3,Core Stabilized,-2.6,-1.35,57.599999999999994,7.199999999999999,32.4
P0134,Multifamily,Seattle,2023-10-22,2.2,35790336.0,0.0641,2292773.0,3817139.0,2585815.0,0.6774,86.8,5.63,0.0524,49388389.0,0.6066,21711422.0,7.09,1.68,282913.0,14078914.0,5.43,42.38,2.0,Sell,1,Mature / Harvest Candidate,5.48,4.38,98.0,79.4,88.7
P0135,Mixed-Use,Los Angeles,2019-01-28,6.9,25593769.0,0.0639,1636423.0,3659239.0,2289452.0,0.6257,84.8,4.96,0.0636,36010600.0,0.7889,20190491.0,5.98,1.9,216225.0,5403278.0,16.04,27.18,3.92,Sell,0,Value-Add Opportunity,2.56,3.29,67.0,58.8,62.9
P0136,Multifamily,New York,2022-11-23,3.1,40506809.0,0.0472,1912335.0,4178236.0,2290033.0,0.5481,100.0,5.97,0.0531,43094076.0,0.6749,27338949.0,5.66,1.48,253958.0,13167860.0,3.71,7.75,1.24,Hold,0,Value-Add Opportunity,7.17,6.25,37.4,100.0,68.7
P0137,Retail,Dallas,2024-04-09,1.7,46126333.0,0.0597,2754853.0,4397662.0,2928673.0,0.666,78.4,3.6,0.0698,41977396.0,0.6187,28536138.0,6.23,1.65,205268.0,17590195.0,5.38,-9.51,0.82,Sell,1,Mature / Harvest Candidate,1.95,2.06,18.8,38.800000000000004,28.8
P0138,Industrial,Denver,2019-07-28,6.4,47028973.0,0.0536,2521431.0,4479300.0,2627525.0,0.5866,83.7,0.64,0.0631,41628354.0,0.6016,28292519.0,6.5,1.43,327926.0,18736454.0,2.46,-3.61,0.81,Sell,0,Value-Add Opportunity,1.45,1.3,21.2,28.4,24.8
P0139,Multifamily,Los Angeles,2022-01-20,4.0,70975107.0,0.0518,3676598.0,6751147.0,4818057.0,0.7137,100.0,7.08,0.0592,81329447.0,0.6216,44116183.0,6.99,1.56,359129.0,26858924.0,5.11,11.92,1.53,Hold,1,Mature / Harvest Candidate,6.75,6.2,27.400000000000002,99.0,63.2
P0140,Mixed-Use,Chicago,2024-05-11,1.6,29428933.0,0.0758,2229752.0,3272093.0,2205398.0,0.674,84.5,-0.67,0.0736,29971682.0,0.6583,19373018.0,7.26,1.57,90893.0,10055915.0,7.04,6.77,1.14,Hold,2,Distressed / Turnaround,-0.97,-0.08,73.2,16.0,44.6
P0141,Mixed-Use,New York,2023-12-10,2.1,23168272.0,0.0619,1433985.0,2548091.0,1522826.0,0.5976,81.3,2.96,0.0658,23160379.0,0.5373,12449311.0,5.81,2.1,186182.0,10718961.0,5.72,3.56,1.07,Hold,3,Core Stabilized,3.07,2.58,48.4,45.0,46.7
P0142,Multifamily,New York,2022-12-01,3.1,30049392.0,0.0533,1602917.0,2424836.0,1658711.0,0.6841,100.0,1.11,0.0532,31200411.0,0.698,20974552.0,5.04,1.57,142964.0,9074841.0,5.06,6.86,1.21,Hold,1,Mature / Harvest Candidate,4.16,1.03,66.2,24.0,45.1
P0143,Retail,Chicago,2019-12-11,6.1,18508576.0,0.0679,1256759.0,2251597.0,1403630.0,0.6234,83.8,1.84,0.0643,21840852.0,0.6701,12402166.0,5.77,1.96,81371.0,6106411.0,9.94,15.31,2.07,Hold,0,Value-Add Opportunity,-0.17,2.07,77.2,39.2,58.2
P0144,Multifamily,Atlanta,2018-04-20,7.7,55303249.0,0.0591,3270101.0,6589026.0,4366144.0,0.6626,100.0,3.82,0.0508,85987454.0,0.6703,37068275.0,6.31,1.87,233318.0,18234974.0,9.84,19.61,3.38,Sell,1,Mature / Harvest Candidate,4.08,3.85,93.8,72.0,82.9
P0145,Multifamily,Chicago,2023-04-19,2.7,13728907.0,0.0672,922055.0,1583411.0,1020092.0,0.6442,97.7,3.8,0.0579,17630523.0,0.6507,8933308.0,5.33,2.14,80646.0,4795599.0,9.66,28.47,2.03,Sell,1,Mature / Harvest Candidate,4.18,4.06,95.39999999999999,75.6,85.5
P0146,Office,New York,2021-07-29,4.4,96683006.0,0.0748,7233319.0,12276200.0,7091742.0,0.5777,72.6,-0.45,0.0945,75074814.0,0.6214,60076226.0,5.33,2.21,666152.0,36606781.0,8.8,-9.39,0.72,Reposition,2,Distressed / Turnaround,0.28,-0.9,1.2,12.2,6.7
P0147,Industrial,New York,2023-06-04,2.6,22176871.0,0.0551,1221133.0,2505727.0,1472923.0,0.5878,100.0,7.53,0.0551,26749966.0,0.6671,14794197.0,6.38,1.56,122645.0,7382674.0,5.51,20.48,1.71,Hold,0,Value-Add Opportunity,3.96,6.24,65.60000000000001,99.6,82.6
P0148,Retail,Denver,2019-03-12,6.8,14540404.0,0.0743,1079843.0,1984391.0,1332515.0,0.6715,83.8,3.13,0.0686,19415880.0,0.6614,9617415.0,6.06,2.29,101653.0,4922988.0,13.16,20.18,2.83,Sell,1,Mature / Harvest Candidate,0.94,1.88,88.2,35.8,62.0
P0149,Office,Miami,2023-10-25,2.2,27129191.0,0.0821,2227072.0,3523310.0,2125476.0,0.6033,81.2,-2.11,0.0879,24182164.0,0.5952,16147760.0,6.13,2.15,278338.0,10981431.0,7.81,-8.5,0.84,Sell,2,Distressed / Turnaround,-1.0,-1.12,38.4,9.4,23.9
P0150,Multifamily,Los Angeles,2019-02-12,6.9,13989507.0,0.0631,882462.0,2115183.0,1268724.0,0.5998,95.1,5.41,0.0551,23017215.0,0.5798,8111786.0,5.49,2.85,140513.0,5877721.0,11.61,22.17,3.27,Sell,3,Core Stabilized,5.11,4.72,93.2,83.8,88.5
P0151,Hospitality,Chicago,2022-11-30,3.1,83006463.0,0.0855,7097349.0,14198879.0,8125222.0,0.5722,79.1,4.47,0.0828,98176243.0,0.6271,52055838.0,5.92,2.64,693086.0,30950625.0,14.06,25.23,1.85,Sell,3,Core Stabilized,3.29,3.38,74.0,61.8,67.9
P0152,Multifamily,Los Angeles,2021-05-13,4.6,33194855.0,0.0498,1654573.0,2572256.0,1649279.0,0.6412,100.0,-0.07,0.0557,29612036.0,0.7284,24180175.0,5.36,1.27,164177.0,9014680.0,2.1,-8.99,0.64,Sell,0,Value-Add Opportunity,2.17,2.44,37.4,42.4,39.9
P0153,Office,Chicago,2019-02-17,6.9,23610276.0,0.0815,1925275.0,2661242.0,1924414.0,0.7231,76.2,-0.01,0.0861,22349716.0,0.5333,12590475.0,6.81,2.24,64800.0,11019801.0,9.09,7.32,1.48,Reposition,1,Mature / Harvest Candidate,-1.52,-1.01,44.4,10.4,27.4
P0154,Retail,Seattle,2021-04-14,4.7,9419974.0,0.0747,703222.0,1476823.0,836803.0,0.5666,82.7,3.75,0.0709,11795556.0,0.5173,4872701.0,6.93,2.48,78210.0,4547274.0,9.26,16.09,1.93,Sell,3,Core Stabilized,3.46,3.22,78.60000000000001,57.199999999999996,67.9
P0155,Mixed-Use,New York,2018-03-17,7.8,32126904.0,0.0699,2246406.0,4047795.0,2514535.0,0.6212,89.2,1.46,0.0702,35827170.0,0.6315,20289208.0,4.62,2.68,328625.0,11837696.0,10.54,12.55,2.1,Hold,3,Core Stabilized,2.33,2.49,63.4,44.0,53.7
P0156,Multifamily,Miami,2023-10-13,2.2,73717975.0,0.055,4057706.0,6749401.0,4661210.0,0.6906,88.3,6.44,0.054,86277669.0,0.6236,45967738.0,5.36,1.89,274289.0,27750237.0,6.94,24.34,1.53,Hold,1,Mature / Harvest Candidate,4.26,4.72,69.6,83.8,76.7
P0157,Industrial,Denver,2019-06-25,6.5,21078597.0,0.0644,1357463.0,2693669.0,1659349.0,0.616,100.0,3.12,0.0583,28484493.0,0.6321,13324496.0,4.9,2.54,75550.0,7754101.0,12.0,19.03,2.72,Sell,3,Core Stabilized,5.88,3.22,88.8,57.199999999999996,73.0
P0158,Industrial,Miami,2021-05-11,4.6,11318996.0,0.065,735913.0,1362720.0,875709.0,0.6426,96.0,3.81,0.0596,14702588.0,0.6371,7211069.0,5.58,2.18,43550.0,4107927.0,10.46,20.47,2.28,Sell,1,Mature / Harvest Candidate,4.31,4.04,86.4,74.6,80.5
P0159,Multifamily,Miami,2024-04-28,1.7,28300073.0,0.0603,1706295.0,3140884.0,1780505.0,0.5669,90.4,2.57,0.0536,33189555.0,0.6044,17103880.0,6.03,1.73,72892.0,11196192.0,6.04,22.96,1.5,Hold,0,Value-Add Opportunity,1.47,2.77,91.2,47.4,69.3
P0160,Industrial,Miami,2024-07-20,1.5,20940646.0,0.0619,1296064.0,2125292.0,1363195.0,0.6414,96.3,3.54,0.0585,23294526.0,0.7243,15167110.0,4.94,1.82,62281.0,5773536.0,9.55,42.25,1.42,Hold,0,Value-Add Opportunity,4.42,3.75,76.4,68.60000000000001,72.5
P0161,Multifamily,Los Angeles,2021-04-14,4.7,8308612.0,0.051,423717.0,702421.0,428928.0,0.6106,83.6,0.26,0.053,8098367.0,0.5079,4220249.0,5.36,1.9,26404.0,4088363.0,4.31,2.58,1.12,Hold,3,Core Stabilized,0.5,1.46,55.60000000000001,30.0,42.8
P0162,Industrial,Chicago,2022-03-19,3.8,23357226.0,0.0589,1375280.0,2047055.0,1370066.0,0.6693,88.2,-0.1,0.0664,20635205.0,0.562,13126883.0,5.3,1.97,34572.0,10230343.0,6.26,-1.59,0.94,Sell,1,Mature / Harvest Candidate,2.6,1.79,26.8,34.0,30.4
P0163,Industrial,Austin,2023-07-10,2.5,21382794.0,0.0652,1394993.0,2456350.0,1668769.0,0.6794,100.0,7.49,0.0622,26810253.0,0.6128,13102781.0,6.27,2.03,111303.0,8280013.0,8.89,34.13,1.77,Hold,1,Mature / Harvest Candidate,7.29,5.74,74.8,96.39999999999999,85.6
P0164,Retail,Seattle,2022-12-05,3.1,25494811.0,0.0631,1608681.0,2138658.0,1602878.0,0.7495,83.4,-0.12,0.0698,22957917.0,0.505,12874288.0,6.16,2.02,134833.0,12620523.0,5.35,-2.78,0.92,Sell,1,Mature / Harvest Candidate,-0.14,0.09,32.2,17.599999999999998,24.9
P0165,Office,Dallas,2019-03-06,6.8,113424854.0,0.0802,9098039.0,10624055.0,6894817.0,0.649,68.7,-3.98,0.0908,75944294.0,0.6077,68927171.0,5.52,1.81,285201.0,44497683.0,6.3,-10.98,0.56,Reposition,2,Distressed / Turnaround,-1.41,-2.74,17.2,3.5999999999999996,10.4
P0166,Industrial,Miami,2019-01-13,7.0,42154285.0,0.0556,2345463.0,3228457.0,2054234.0,0.6363,98.8,-1.88,0.0587,35016515.0,0.7363,31038323.0,6.24,1.06,243379.0,11115962.0,-1.14,-18.08,0.22,Sell,0,Value-Add Opportunity,1.09,1.06,52.2,24.6,38.4
P0167,Multifamily,Atlanta,2022-10-28,3.2,27974449.0,0.0522,1459496.0,2422685.0,1525611.0,0.6297,100.0,1.4,0.0587,25993296.0,0.6215,17385059.0,5.66,1.55,133771.0,10589390.0,3.85,-4.38,0.88,Sell,0,Value-Add Opportunity,3.64,3.2,33.800000000000004,56.2,45.0
P0168,Multifamily,Los Angeles,2024-08-17,1.4,18402250.0,0.0597,1098075.0,1815300.0,1093431.0,0.6023,98.0,-0.31,0.0555,19709065.0,0.6361,11706574.0,5.88,1.59,119105.0,6695676.0,4.27,17.9,1.18,Hold,0,Value-Add Opportunity,4.21,2.03,81.6,38.2,59.9
P0169,Office,Denver,2018-11-23,7.1,162933541.0,0.0791,12895635.0,24310301.0,15483819.0,0.6369,83.0,2.61,0.0876,176814881.0,0.5318,86646178.0,7.44,2.4,774120.0,76287363.0,10.83,12.17,1.89,Hold,3,Core Stabilized,0.53,1.88,23.200000000000003,35.8,29.5
P0170,Retail,Dallas,2021-04-19,4.7,18540935.0,0.0683,1265949.0,2576045.0,1559100.0,0.6052,82.7,4.52,0.0728,21418891.0,0.5769,10695425.0,7.17,2.03,159948.0,7845509.0,8.06,12.89,1.72,Hold,3,Core Stabilized,2.5,3.36,45.0,61.199999999999996,53.1
P0171,Industrial,Austin,2019-11-14,6.1,24167735.0,0.0498,1204541.0,2135915.0,1342258.0,0.6284,85.0,1.78,0.0537,24987817.0,0.5937,14349260.0,5.06,1.85,49471.0,9818475.0,5.77,6.24,1.38,Hold,1,Mature / Harvest Candidate,1.28,2.09,48.4,39.6,44.0
P0172,Office,Atlanta,2024-10-25,1.2,44460446.0,0.0825,3666987.0,5609408.0,3847380.0,0.6859,86.5,4.13,0.0835,46080309.0,0.5978,26576674.0,6.76,2.14,352299.0,17883772.0,9.49,13.4,1.13,Hold,1,Mature / Harvest Candidate,0.56,2.34,59.8,41.199999999999996,50.5
P0173,Retail,Austin,2019-04-03,6.8,19874036.0,0.0719,1428405.0,3365475.0,1917220.0,0.5697,85.7,4.45,0.0662,28950401.0,0.7097,14104903.0,6.75,2.01,163013.0,5769133.0,13.91,23.99,3.45,Sell,0,Value-Add Opportunity,3.41,3.34,88.2,60.199999999999996,74.2
P0174,Multifamily,Dallas,2020-12-20,5.0,29771623.0,0.065,1934546.0,3186595.0,2157306.0,0.677,91.2,2.19,0.0546,39531529.0,0.659,19620642.0,5.18,2.12,178657.0,10150981.0,9.48,21.1,2.36,Sell,1,Mature / Harvest Candidate,3.4,2.99,97.2,51.800000000000004,74.5
P0175,Industrial,Miami,2024-06-11,1.6,18015326.0,0.0562,1011621.0,1412265.0,968610.0,0.6859,100.0,-2.75,0.0669,14471976.0,0.5422,9767873.0,6.76,1.47,30347.0,8247453.0,3.38,-22.86,0.6,Sell,1,Mature / Harvest Candidate,0.42,0.07,16.8,17.2,17.0
P0176,Multifamily,Atlanta,2019-01-20,7.0,24344512.0,0.0533,1297925.0,3781746.0,2322357.0,0.6141,96.9,8.73,0.0629,36906629.0,0.6373,15513670.0,7.33,2.04,102480.0,8830842.0,12.26,22.0,3.2,Sell,0,Value-Add Opportunity,7.68,5.91,20.4,98.4,59.4
P0177,Industrial,Austin,2024-11-20,1.1,23610162.0,0.0595,1404717.0,2734201.0,1405126.0,0.5139,98.2,0.03,0.0626,22463247.0,0.6549,15461717.0,5.2,1.75,155698.0,8148445.0,5.46,-14.13,0.86,Sell,0,Value-Add Opportunity,1.58,1.77,52.2,33.6,42.9
P0178,Multifamily,Denver,2019-10-14,6.2,24386349.0,0.0615,1498900.0,2371109.0,1398027.0,0.5896,100.0,-1.11,0.056,24963266.0,0.6998,17065822.0,5.37,1.53,61727.0,7320528.0,5.74,5.9,1.36,Hold,0,Value-Add Opportunity,3.15,1.27,86.8,27.200000000000003,57.0
P0179,Mixed-Use,Chicago,2019-02-04,6.9,26606705.0,0.0644,1714223.0,3451179.0,2363539.0,0.6848,81.5,4.76,0.0608,38876698.0,0.7306,19439866.0,6.91,1.76,187275.0,7166839.0,11.61,22.95,3.42,Sell,1,Mature / Harvest Candidate,3.37,3.06,76.8,52.800000000000004,64.8
P0180,Office,New York,2022-12-03,3.1,47459542.0,0.0797,3781298.0,7018484.0,4343435.0,0.6189,82.5,4.6,0.0858,50605504.0,0.5489,26052603.0,6.32,2.64,123927.0,21406939.0,12.02,14.9,1.46,Hold,3,Core Stabilized,5.77,3.54,35.199999999999996,65.60000000000001,50.4
P0181,Multifamily,Chicago,2019-02-20,6.9,28169710.0,0.0556,1567571.0,4227414.0,2409774.0,0.57,93.4,6.46,0.0508,47390901.0,0.5632,15866307.0,6.54,2.32,261945.0,12303403.0,9.02,20.38,3.12,Sell,3,Core Stabilized,6.15,4.91,83.8,87.6,85.7
P0182,Office,Dallas,2019-07-18,6.5,95455387.0,0.0791,7552397.0,12624334.0,7508465.0,0.5948,77.9,-0.09,0.0855,87801243.0,0.532,50779359.0,6.37,2.32,256899.0,44676028.0,8.99,5.97,1.33,Reposition,3,Core Stabilized,-1.82,-0.94,34.8,11.200000000000001,23.0
P0183,Mixed-Use,Los Angeles,2019-09-15,6.3,10095616.0,0.0623,629173.0,1193915.0,790409.0,0.662,96.7,3.69,0.0673,11739772.0,0.6036,6093902.0,6.41,2.02,66914.0,4001714.0,8.31,12.59,1.85,Hold,1,Mature / Harvest Candidate,1.65,3.13,41.6,54.400000000000006,48.0
P0184,Hospitality,New York,2022-07-17,3.5,94924953.0,0.0832,7894390.0,13799591.0,8932981.0,0.6473,73.6,3.63,0.0841,106203870.0,0.6526,61952304.0,5.04,2.86,793651.0,32972649.0,15.22,22.66,1.73,Hold,3,Core Stabilized,3.15,2.35,60.6,41.6,51.1
P0185,Multifamily,Seattle,2024-01-08,2.0,59666964.0,0.0584,3487044.0,6305263.0,3833937.0,0.6081,96.8,4.9,0.0461,83196691.0,0.6891,41117305.0,6.94,1.34,195870.0,18549659.0,4.23,51.17,2.26,Sell,0,Value-Add Opportunity,4.1,5.12,98.4,89.60000000000001,94.0
P0186,Industrial,Denver,2020-04-18,5.7,8510994.0,0.0518,441218.0,927664.0,558137.0,0.6017,100.0,4.2,0.063,8860499.0,0.6147,5231567.0,7.04,1.52,52543.0,3279427.0,4.19,4.97,1.3,Hold,0,Value-Add Opportunity,4.86,4.47,13.600000000000001,80.4,47.0
P0187,Industrial,Seattle,2024-03-27,1.8,20220765.0,0.0588,1188937.0,2113684.0,1269081.0,0.6004,92.4,3.76,0.0557,22780531.0,0.5976,12084145.0,5.92,1.78,106126.0,8136620.0,5.51,17.4,1.37,Hold,0,Value-Add Opportunity,4.28,3.62,75.2,66.4,70.8
P0188,Retail,Atlanta,2019-11-02,6.2,14949103.0,0.0638,953742.0,1860193.0,1067527.0,0.5739,82.1,1.84,0.072,14835625.0,0.6306,9427249.0,6.07,1.87,63662.0,5521854.0,7.82,6.78,1.4,Hold,0,Value-Add Opportunity,1.98,1.97,24.4,37.2,30.8
P0189,Retail,New York,2023-03-07,2.8,8905027.0,0.0752,669393.0,958336.0,671572.0,0.7008,80.7,0.12,0.0793,8469140.0,0.5615,5000529.0,4.88,2.75,23794.0,3904498.0,10.35,5.45,1.16,Hold,3,Core Stabilized,-0.05,0.13,47.199999999999996,18.0,32.6
P0190,Multifamily,Seattle,2024-10-01,1.3,21689485.0,0.0429,929630.0,1583845.0,956459.0,0.6039,79.2,2.3,0.0503,19006593.0,0.7663,16619952.0,6.51,0.88,9103.0,5069533.0,-2.66,-63.08,0.37,Sell,0,Value-Add Opportunity,0.87,1.8,28.199999999999996,34.4,31.3
P0191,Office,Seattle,2023-03-02,2.8,25825815.0,0.0746,1927806.0,2394630.0,1630403.0,0.6809,90.4,-5.73,0.0779,20935116.0,0.5075,13105664.0,6.56,1.9,124504.0,12720151.0,5.08,-10.38,0.74,Sell,2,Distressed / Turnaround,-4.34,-3.68,51.2,2.6,26.9
P0192,Hospitality,Austin,2019-08-12,6.4,132088005.0,0.0843,11130167.0,17316651.0,12053528.0,0.6961,62.3,1.25,0.0849,142046887.0,0.6329,83602704.0,6.05,2.38,237306.0,48485301.0,13.94,15.59,1.98,Hold,2,Distressed / Turnaround,2.37,1.16,61.6,26.0,43.8
P0193,Hospitality,Chicago,2024-11-02,1.2,87809736.0,0.0914,8025208.0,11844033.0,7934502.0,0.6699,68.5,-0.97,0.0904,87767308.0,0.7617,66880499.0,7.0,1.69,555567.0,20929237.0,12.89,4.3,1.04,Reposition,2,Distressed / Turnaround,0.25,-0.14,69.6,15.6,42.6
P0194,Industrial,Austin,2022-03-10,3.8,45323759.0,0.0576,2610898.0,4487675.0,2685510.0,0.5984,93.1,0.74,0.0678,39589796.0,0.6205,28122304.0,5.83,1.64,178300.0,17201455.0,5.04,-5.22,0.82,Sell,0,Value-Add Opportunity,0.21,1.52,18.0,32.2,25.1
P0195,Multifamily,New York,2020-12-04,5.1,45904903.0,0.0487,2234137.0,4145915.0,2654159.0,0.6402,95.2,3.45,0.0491,54076235.0,0.6067,27850379.0,6.55,1.45,242880.0,18054524.0,3.25,9.72,1.56,Hold,1,Mature / Harvest Candidate,3.86,3.73,62.0,67.60000000000001,64.8
P0196,Multifamily,New York,2023-05-09,2.7,18196150.0,0.0633,1151579.0,2198197.0,1360223.0,0.6188,98.7,6.48,0.056,24295419.0,0.595,10826324.0,5.28,2.38,85640.0,7369826.0,9.53,28.83,2.05,Sell,3,Core Stabilized,5.82,5.52,92.4,92.80000000000001,92.6
P0197,Industrial,Dallas,2023-02-20,2.9,18463461.0,0.0493,910469.0,1861476.0,1070004.0,0.5748,100.0,5.8,0.0581,18404314.0,0.6074,11214200.0,6.08,1.57,71501.0,7249261.0,4.37,2.45,1.07,Hold,0,Value-Add Opportunity,3.5,5.83,22.400000000000002,98.0,60.2
P0198,Hospitality,Austin,2021-02-03,4.9,70247201.0,0.0688,4833511.0,6733749.0,4284132.0,0.6362,65.9,-2.43,0.0856,50062184.0,0.7161,50303978.0,5.96,1.43,401583.0,19943223.0,4.43,-57.89,0.16,Reposition,2,Distressed / Turnaround,-0.64,0.29,3.2,18.4,10.8
P0199,Hospitality,Phoenix,2018-10-05,7.2,29852521.0,0.0846,2526720.0,4195187.0,2353702.0,0.561,68.8,-0.97,0.0966,24371149.0,0.4652,13886487.0,6.28,2.7,216896.0,15966034.0,7.92,3.05,1.18,Reposition,3,Core Stabilized,0.03,0.38,12.4,19.6,16.0
P0200,Industrial,Chicago,2023-07-28,2.4,34279690.0,0.055,1884960.0,3186222.0,2164668.0,0.6794,97.0,5.85,0.054,40095267.0,0.7273,24933002.0,5.8,1.5,163527.0,9346688.0,5.93,29.32,1.65,Hold,1,Mature / Harvest Candidate,3.17,4.75,69.6,85.2,77.4
P0201,Industrial,New York,2018-06-14,7.6,21282628.0,0.0519,1103985.0,2000931.0,1194094.0,0.5968,93.3,1.04,0.061,19570512.0,0.5203,11073841.0,5.99,1.8,108821.0,10208787.0,4.13,1.7,1.12,Hold,3,Core Stabilized,2.62,1.45,22.0,29.599999999999998,25.8
P0202,Office,Dallas,2019-08-13,6.4,37309653.0,0.0823,3068724.0,4263354.0,2686160.0,0.6301,87.3,-2.06,0.0899,29889142.0,0.6013,22435575.0,6.76,1.77,60917.0,14874078.0,7.45,-1.99,0.91,Sell,2,Distressed / Turnaround,-0.91,-0.87,26.400000000000002,12.8,19.6
P0203,Multifamily,Austin,2021-12-27,4.0,45659692.0,0.0535,2441095.0,4571689.0,2899202.0,0.6342,96.4,4.38,0.0583,49692254.0,0.59,26937067.0,5.75,1.87,274922.0,18722625.0,5.74,9.28,1.39,Hold,1,Mature / Harvest Candidate,5.65,4.67,42.6,83.0,62.8
P0204,Hospitality,Chicago,2020-03-15,5.8,68680467.0,0.0786,5399351.0,8429457.0,5117142.0,0.6071,75.1,-0.92,0.0864,59231711.0,0.6612,45411438.0,4.81,2.34,482581.0,23269030.0,10.52,3.55,1.17,Reposition,2,Distressed / Turnaround,1.45,0.96,25.2,23.200000000000003,24.2
P0205,Industrial,Austin,2019-12-23,6.0,20036803.0,0.0503,1008215.0,1940146.0,1259804.0,0.6493,99.6,3.76,0.0612,20574206.0,0.5081,10181327.0,7.5,1.65,47856.0,9855476.0,4.55,4.74,1.29,Hold,1,Mature / Harvest Candidate,1.69,2.98,14.6,51.0,32.8
P0206,Office,Seattle,2018-09-19,7.3,80344801.0,0.0832,6687479.0,7814816.0,4659621.0,0.5963,84.2,-4.84,0.0864,53909959.0,0.6524,52413099.0,7.21,1.23,313518.0,27931703.0,2.04,-30.77,0.16,Sell,2,Distressed / Turnaround,-4.54,-3.78,51.6,1.2,26.4
P0207,Office,Dallas,2019-04-09,6.7,26209733.0,0.0819,2146609.0,2634194.0,1747959.0,0.6636,77.3,-3.0,0.0891,19623114.0,0.7617,19963997.0,5.07,1.73,116468.0,6245735.0,9.93,-14.19,0.58,Reposition,2,Distressed / Turnaround,-1.49,-2.02,28.999999999999996,4.8,16.9
P0208,Industrial,Chicago,2021-11-14,4.1,32655772.0,0.0574,1874603.0,4036467.0,2230960.0,0.5527,85.9,4.3,0.0586,38053301.0,0.5246,17130494.0,6.65,1.96,170783.0,15525278.0,5.93,12.16,1.54,Hold,3,Core Stabilized,4.63,4.04,59.0,74.6,66.8
P0209,Office,Miami,2018-10-24,7.2,60534480.0,0.0891,5392401.0,5738644.0,3594222.0,0.6263,78.8,-5.48,0.0905,39721177.0,0.6333,38335241.0,5.7,1.65,296557.0,22199239.0,5.02,-18.9,0.38,Sell,2,Distressed / Turnaround,-2.86,-3.7,58.199999999999996,2.0,30.1
P0210,Multifamily,Atlanta,2018-09-29,7.3,27411501.0,0.0456,1249402.0,2333439.0,1672951.0,0.7169,88.4,4.1,0.0525,31852648.0,0.5737,15724916.0,6.31,1.69,171805.0,11686585.0,4.35,8.0,1.63,Hold,1,Mature / Harvest Candidate,9.37,4.83,30.2,86.2,58.2
P0211,Retail,Atlanta,2022-01-18,4.0,21188070.0,0.0588,1246851.0,2361288.0,1345895.0,0.57,84.3,1.95,0.0725,18561916.0,0.6498,13768264.0,6.34,1.54,157345.0,7419806.0,4.26,-6.95,0.77,Sell,0,Value-Add Opportunity,2.94,2.77,6.800000000000001,47.4,27.1
P0212,Industrial,Chicago,2018-06-10,7.6,12839124.0,0.0538,691368.0,1691806.0,991589.0,0.5861,99.1,4.88,0.0599,16558792.0,0.6213,7977465.0,5.91,2.1,31731.0,4861658.0,10.04,15.1,2.5,Hold,0,Value-Add Opportunity,5.82,5.37,35.8,92.0,63.9
P0213,Industrial,Austin,2024-09-17,1.3,38094402.0,0.0577,2199056.0,3585177.0,2314933.0,0.6457,100.0,4.06,0.0645,35888090.0,0.5751,21907935.0,5.47,1.93,205938.0,16186467.0,5.62,-12.44,0.88,Sell,1,Mature / Harvest Candidate,5.12,4.3,31.0,78.60000000000001,54.8
P0214,Multifamily,Dallas,2024-11-15,1.1,29174202.0,0.0535,1559654.0,2659810.0,1672965.0,0.629,93.1,6.41,0.0538,31099219.0,0.6542,19084335.0,5.55,1.58,190386.0,10089867.0,4.2,17.12,1.17,Hold,0,Value-Add Opportunity,6.16,5.78,62.6,97.6,80.1
P0215,Industrial,Atlanta,2024-01-31,1.9,18480060.0,0.0566,1045095.0,1761436.0,1122971.0,0.6375,97.2,3.81,0.0529,21225029.0,0.7463,13791750.0,5.37,1.52,92891.0,4688311.0,6.18,27.9,1.62,Hold,0,Value-Add Opportunity,3.2,3.75,77.60000000000001,68.60000000000001,73.1
P0216,Multifamily,Dallas,2022-02-17,3.9,54067892.0,0.0541,2925740.0,4888144.0,3150210.0,0.6445,100.0,1.93,0.059,53350270.0,0.6066,32799569.0,5.43,1.77,326624.0,21268323.0,4.89,2.89,1.11,Hold,1,Mature / Harvest Candidate,3.85,3.38,42.0,61.8,51.9
P0217,Multifamily,Atlanta,2021-07-01,4.5,22501097.0,0.0445,1001091.0,1778520.0,1159125.0,0.6517,94.7,3.31,0.0504,23008986.0,0.6704,15084354.0,6.05,1.27,151611.0,7416743.0,1.29,1.41,1.07,Hold,0,Value-Add Opportunity,2.46,3.73,37.4,67.60000000000001,52.5
P0218,Industrial,Seattle,2019-05-18,6.6,11867733.0,0.0667,791134.0,1604103.0,1083547.0,0.6755,100.0,4.86,0.0574,18882087.0,0.5295,6283619.0,5.53,3.12,105027.0,5584114.0,11.3,20.39,2.98,Sell,3,Core Stabilized,3.89,4.73,95.39999999999999,84.39999999999999,89.9
P0219,Industrial,Austin,2023-04-18,2.7,11020302.0,0.0575,633746.0,1089613.0,697887.0,0.6405,99.0,3.62,0.0576,12112445.0,0.553,6094772.0,6.65,1.72,54466.0,4925530.0,4.84,10.05,1.32,Hold,1,Mature / Harvest Candidate,2.86,3.32,65.2,59.199999999999996,62.2
P0220,Hospitality,Seattle,2019-10-30,6.2,74465666.0,0.0887,6605386.0,11985840.0,7286637.0,0.6079,57.7,1.6,0.0915,79637334.0,0.6531,48631176.0,7.29,2.06,789888.0,25834490.0,11.43,13.09,1.82,Hold,2,Distressed / Turnaround,1.48,1.52,54.0,32.2,43.1
P0221,Industrial,Atlanta,2021-07-05,4.5,12652302.0,0.0601,759851.0,1256538.0,821310.0,0.6536,100.0,1.75,0.0515,15960990.0,0.7239,9158851.0,5.64,1.59,60185.0,3493451.0,7.01,22.41,2.14,Sell,0,Value-Add Opportunity,5.75,3.5,94.8,63.2,79.0
P0222,Retail,Miami,2020-04-22,5.7,43283385.0,0.0707,3061889.0,4366718.0,3122177.0,0.715,90.7,0.34,0.0836,37368524.0,0.6449,27913149.0,6.29,1.78,198590.0,15370236.0,7.6,0.45,1.02,Hold,1,Mature / Harvest Candidate,-1.36,0.37,8.200000000000001,19.2,13.7
P0223,Office,Miami,2024-03-05,1.8,15890124.0,0.0814,1293752.0,1920292.0,1177847.0,0.6134,85.0,-5.01,0.0922,12771552.0,0.5981,9503660.0,6.5,1.91,72917.0,6386464.0,7.63,-22.06,0.62,Sell,2,Distressed / Turnaround,-2.36,-3.68,15.2,2.6,8.9
P0224,Multifamily,Seattle,2023-04-04,2.7,74736163.0,0.0547,4087041.0,8699080.0,4969554.0,0.5713,97.7,7.37,0.0549,90531729.0,0.62,46332714.0,6.48,1.66,663464.0,28403449.0,4.59,18.33,1.63,Hold,0,Value-Add Opportunity,3.52,4.88,64.4,86.8,75.6
P0225,Multifamily,Miami,2024-11-07,1.2,35560826.0,0.0559,1986297.0,2937409.0,1983791.0,0.6754,92.0,-0.11,0.0538,36886866.0,0.5325,18935125.0,6.16,1.7,84102.0,16625701.0,4.41,7.95,1.08,Hold,1,Mature / Harvest Candidate,1.0,0.66,72.8,22.0,47.4
P0226,Multifamily,Atlanta,2023-01-07,3.0,30489408.0,0.06,1828600.0,3092446.0,1898703.0,0.614,84.4,1.27,0.0551,34432835.0,0.6623,20193625.0,6.69,1.4,233935.0,10295783.0,3.04,12.37,1.41,Hold,0,Value-Add Opportunity,3.94,2.43,84.8,42.0,63.4
P0227,Mixed-Use,Chicago,2023-07-26,2.4,28937161.0,0.0662,1915036.0,3781935.0,1933955.0,0.5114,84.5,0.4,0.0701,27594622.0,0.6818,19728295.0,6.49,1.51,207996.0,9208866.0,4.85,-5.74,0.89,Sell,0,Value-Add Opportunity,1.43,1.29,48.4,27.800000000000004,38.1
P0228,Multifamily,Seattle,2023-09-16,2.3,39068009.0,0.0563,2197733.0,3730549.0,2471008.0,0.6624,87.0,5.24,0.0566,43672153.0,0.5884,22985807.0,5.11,2.1,63471.0,16082202.0,7.67,18.29,1.39,Hold,1,Mature / Harvest Candidate,3.09,4.04,63.4,74.6,69.0
P0229,Hospitality,Los Angeles,2024-12-05,1.1,53974722.0,0.0815,4396866.0,7472417.0,4432889.0,0.5932,65.9,0.76,0.0882,50246738.0,0.5871,31688400.0,6.8,2.06,391203.0,22286322.0,8.47,-12.76,0.87,Reposition,2,Distressed / Turnaround,-0.1,0.72,32.2,22.8,27.5
P0230,Industrial,Austin,2019-03-09,6.8,41666805.0,0.0666,2776705.0,6985794.0,4299570.0,0.6155,99.1,6.62,0.0604,71234088.0,0.6386,26608900.0,6.81,2.37,34929.0,15057905.0,16.29,27.7,4.01,Sell,0,Value-Add Opportunity,6.14,5.6,90.4,93.60000000000001,92.0
P0231,Industrial,Miami,2024-01-03,2.0,25410632.0,0.0539,1370691.0,2231961.0,1420864.0,0.6366,100.0,1.82,0.0592,23996772.0,0.5894,14977779.0,5.49,1.73,128360.0,10432853.0,4.51,-4.79,0.91,Sell,1,Mature / Harvest Candidate,1.53,2.88,40.0,48.4,44.2
P0232,Retail,Miami,2023-07-26,2.4,19404842.0,0.0788,1529211.0,2592038.0,1631753.0,0.6295,90.8,2.7,0.0704,23179984.0,0.6154,11941172.0,6.13,2.23,162533.0,7463671.0,9.88,29.23,1.64,Hold,1,Mature / Harvest Candidate,2.86,3.18,94.39999999999999,55.400000000000006,74.9
P0233,Retail,New York,2021-05-07,4.7,15007734.0,0.0678,1016910.0,1545040.0,1012731.0,0.6555,79.6,-0.09,0.0702,14422186.0,0.767,11510640.0,6.65,1.32,51223.0,3497094.0,5.62,0.69,1.03,Hold,2,Distressed / Turnaround,1.09,1.5,54.400000000000006,31.2,42.8
P0234,Retail,Phoenix,2022-08-03,3.4,17494717.0,0.0594,1039455.0,2214888.0,1325003.0,0.5982,91.1,7.36,0.0755,17541555.0,0.6027,10544209.0,5.93,2.12,105143.0,6950508.0,8.55,7.19,1.21,Hold,3,Core Stabilized,4.21,4.97,3.5999999999999996,88.4,46.0
P0235,Multifamily,Seattle,2022-03-08,3.8,37324009.0,0.0528,1969537.0,3054062.0,1971871.0,0.6457,100.0,0.03,0.0564,34978245.0,0.5949,22204657.0,6.96,1.28,256795.0,15119352.0,1.12,-4.24,0.84,Sell,1,Mature / Harvest Candidate,4.74,2.68,50.4,46.800000000000004,48.6
P0236,Industrial,Denver,2022-03-12,3.8,10205937.0,0.0539,550240.0,1063222.0,645400.0,0.607,90.7,4.27,0.0482,13379366.0,0.5747,5865067.0,7.99,1.38,37091.0,4340870.0,3.22,16.36,1.8,Hold,0,Value-Add Opportunity,4.79,4.74,87.6,84.8,86.2
P0237,Multifamily,Miami,2020-06-30,5.5,16307795.0,0.057,930260.0,1812733.0,1190857.0,0.6569,92.1,4.58,0.0566,21031114.0,0.6721,10960362.0,5.47,1.99,43183.0,5347433.0,10.25,18.63,2.42,Sell,1,Mature / Harvest Candidate,1.4,4.62,68.0,81.6,74.8
P0238,Office,Austin,2022-06-28,3.5,65254469.0,0.0741,4834329.0,7307804.0,4755688.0,0.6508,76.1,-0.47,0.0888,53567746.0,0.6073,39629973.0,5.0,2.4,545405.0,25624496.0,8.71,-4.64,0.85,Reposition,2,Distressed / Turnaround,-0.56,-0.92,4.3999999999999995,11.600000000000001,8.0
P0239,Industrial,Los Angeles,2018-05-28,7.6,26140519.0,0.0553,1446169.0,3167150.0,1815499.0,0.5732,89.5,3.04,0.0599,30296107.0,0.5745,15018875.0,6.34,1.91,266838.0,11121643.0,5.36,8.32,1.75,Hold,0,Value-Add Opportunity,2.3,3.12,43.8,54.0,48.9
P0240,Multifamily,Miami,2020-02-23,5.9,29187608.0,0.0407,1186849.0,2054661.0,1385456.0,0.6743,97.5,2.68,0.0524,26416849.0,0.7125,20795916.0,6.68,1.0,92612.0,8391692.0,-1.14,-9.41,0.54,Sell,0,Value-Add Opportunity,4.39,3.53,13.200000000000001,64.8,39.0
P0241,Mixed-Use,Los Angeles,2020-10-23,5.2,38351864.0,0.0623,2388790.0,4534035.0,2689598.0,0.5932,85.2,2.31,0.0725,37099717.0,0.7194,27589265.0,5.92,1.65,295752.0,10762599.0,7.08,3.63,1.17,Hold,0,Value-Add Opportunity,1.28,2.49,18.4,44.0,31.2
P0242,Mixed-Use,Atlanta,2019-10-14,6.2,45212654.0,0.0505,2281282.0,3867573.0,2554156.0,0.6604,88.9,1.83,0.0718,35578112.0,0.578,26131574.0,7.26,1.35,277806.0,19081081.0,1.98,-9.43,0.58,Sell,1,Mature / Harvest Candidate,1.97,2.49,0.4,44.0,22.2
P0243,Hospitality,Atlanta,2021-09-04,4.3,41990918.0,0.0725,3044198.0,5629950.0,3593960.0,0.6384,63.8,3.91,0.0829,43348512.0,0.4893,20547928.0,5.03,3.48,169745.0,21442989.0,11.15,11.63,1.47,Hold,3,Core Stabilized,3.34,2.64,17.599999999999998,46.0,31.8
P0244,Multifamily,Phoenix,2020-06-22,5.5,21684193.0,0.0566,1226512.0,2709003.0,1928564.0,0.7119,89.9,8.53,0.0556,34668809.0,0.6905,14973498.0,6.65,1.94,95611.0,6710695.0,12.47,27.68,3.58,Sell,1,Mature / Harvest Candidate,7.62,5.57,69.6,93.2,81.4
P0245,Office,Chicago,2023-09-05,2.3,49629485.0,0.0827,4105093.0,6297470.0,3834068.0,0.6088,81.1,-2.89,0.0841,45582145.0,0.5721,28391833.0,5.62,2.4,438414.0,21237652.0,8.48,-3.39,0.94,Sell,2,Distressed / Turnaround,-3.84,-2.26,58.199999999999996,4.0,31.1
P0246,Mixed-Use,Denver,2019-04-28,6.7,23298751.0,0.0676,1573895.0,2405605.0,1449459.0,0.6025,83.4,-1.22,0.0625,23198201.0,0.6753,15734667.0,7.48,1.23,189322.0,7564084.0,1.11,0.04,1.0,Hold,2,Distressed / Turnaround,-0.02,0.65,85.2,21.6,53.4
P0247,Multifamily,New York,2023-01-19,3.0,39246500.0,0.0462,1813115.0,3175973.0,1966020.0,0.619,100.0,2.78,0.0515,38180231.0,0.4821,18920453.0,7.69,1.35,178673.0,20326048.0,1.63,-1.41,0.96,Sell,1,Mature / Harvest Candidate,2.59,3.34,40.0,60.199999999999996,50.1
P0248,Mixed-Use,Phoenix,2022-02-04,3.9,16220800.0,0.0647,1049708.0,2400367.0,1451840.0,0.6048,83.2,8.65,0.0714,20319787.0,0.6825,11070401.0,5.49,2.39,65779.0,5150399.0,15.12,27.18,2.32,Sell,3,Core Stabilized,4.96,4.27,31.6,77.60000000000001,54.6
P0249,Mixed-Use,Dallas,2019-08-05,6.4,63571419.0,0.065,4130768.0,6335760.0,4181583.0,0.66,87.6,0.19,0.0718,58229182.0,0.5352,34024565.0,5.66,2.17,536900.0,29546853.0,5.82,2.36,1.13,Hold,1,Mature / Harvest Candidate,3.7,2.17,31.0,40.0,35.5
P0250,Hospitality,New York,2021-06-15,4.6,69660394.0,0.075,5227999.0,12423497.0,6698557.0,0.5392,76.5,5.6,0.0881,76074716.0,0.6712,46752817.0,6.79,2.11,427127.0,22907578.0,13.52,16.59,1.89,Sell,0,Value-Add Opportunity,4.13,3.8,7.6,69.6,38.6
